INSERT INTO COUNTRY_DETAILS (Country_Id, Country_Name) VALUES (1, 'INDIA');
-----------------------------------------------------------------------------
INSERT INTO STATE_DETAILS(STATE_ID,STATE_NAME, COUNTRY_COUNTRY_ID)
VALUES(1,'MAHARASHTRA',1);

INSERT INTO STATE_DETAILS(STATE_ID,STATE_NAME, COUNTRY_COUNTRY_ID)
VALUES(2,'KARNATAKA',1);

INSERT INTO STATE_DETAILS(STATE_ID,STATE_NAME, COUNTRY_COUNTRY_ID)
VALUES(3,'GOA',1);

INSERT INTO STATE_DETAILS(STATE_ID,STATE_NAME, COUNTRY_COUNTRY_ID)
VALUES(4,'KERALA',1);

INSERT INTO STATE_DETAILS(STATE_ID,STATE_NAME, COUNTRY_COUNTRY_ID)
VALUES(5,'J&K',1);
------------------------------------------------------------------------------
INSERT INTO DISTRICTS(DISTRICT_ID, DISTRICT_NAME, STATE_DETAILS_STATE_ID)
VALUES(1,'MHD',1);

INSERT INTO DISTRICTS(DISTRICT_ID,DISTRICT_NAME, STATE_DETAILS_STATE_ID)
VALUES(2,'KAD',2);

INSERT INTO DISTRICTS(DISTRICT_ID,DISTRICT_NAME, STATE_DETAILS_STATE_ID)
VALUES(3,'GD',3);

INSERT INTO DISTRICTS(DISTRICT_ID,DISTRICT_NAME, STATE_DETAILS_STATE_ID)
VALUES(4,'KD',4);

INSERT INTO DISTRICTS(DISTRICT_ID,DISTRICT_NAME, STATE_DETAILS_STATE_ID)
VALUES(5,'JD',5);

INSERT INTO DISTRICTS(DISTRICT_ID, DISTRICT_NAME, STATE_DETAILS_STATE_ID)
VALUES(6,'MHD1',1);

INSERT INTO DISTRICTS(DISTRICT_ID,DISTRICT_NAME, STATE_DETAILS_STATE_ID)
VALUES(7,'KAD1',2);

INSERT INTO DISTRICTS(DISTRICT_ID,DISTRICT_NAME, STATE_DETAILS_STATE_ID)
VALUES(8,'GD1',3);

INSERT INTO DISTRICTS(DISTRICT_ID,DISTRICT_NAME, STATE_DETAILS_STATE_ID)
VALUES(9,'KD1',4);

INSERT INTO DISTRICTS(DISTRICT_ID,DISTRICT_NAME, STATE_DETAILS_STATE_ID)
VALUES(10,'JD1',5);
-----------------------------------------------------------------------
INSERT INTO APPLICATION_USERS(USER_ID ,USER_NAME ,PASSWORD ,ROLE, FIRST_NAME, LAST_NAME) 
VALUES(1,'SuperAdmin','SuperAdmin','SuperAdmin','Super','Admin');

INSERT INTO APPLICATION_USERS(USER_ID ,USER_NAME ,PASSWORD ,ROLE, FIRST_NAME, LAST_NAME) 
VALUES(2,'Admin','Admin','Admin','Admin','Admin');

INSERT INTO APPLICATION_USERS(USER_ID, USER_NAME, PASSWORD, ROLE, FIRST_NAME, LAST_NAME) 
VALUES(3,'Anish','Anish','Normal','Anish','Surge');
-------------------------------------------------------------------------------------------
INSERT INTO VACCINATION_STATUS (ID ,DESC ) VALUES(1, 'Registered');
INSERT INTO VACCINATION_STATUS (ID ,DESC ) VALUES(2, 'Appointment Scheduled for Dose 1');
INSERT INTO VACCINATION_STATUS (ID ,DESC ) VALUES(3, 'Dose 1 Completed');
INSERT INTO VACCINATION_STATUS (ID ,DESC ) VALUES(4, 'Appointment Scheduled for Dose 2');
INSERT INTO VACCINATION_STATUS (ID ,DESC ) VALUES(5, 'Dose 2 Completed');
--------------------------------------------------------------------------------------------
INSERT INTO VACCINE_DETAILS(VACCINE_ID, VACCINE_DEVELOPER, VACCINE_NAME ) 
VALUES(1,'Bharat Biotech','Covaxin');
INSERT INTO VACCINE_DETAILS(VACCINE_ID, VACCINE_DEVELOPER, VACCINE_NAME ) 
VALUES(2,'Oxford/AstraZeneca','Covishield');
INSERT INTO VACCINE_DETAILS(VACCINE_ID, VACCINE_DEVELOPER, VACCINE_NAME ) 
VALUES(3,'Gamaleya Research Institute of Epidemiology and Microbiology, Russia','Sputnik V');
---------------------------------------------------------------------------------------------
INSERT INTO VACCINATION_CENTERS (ID ,ADDRESS ,CENTER_NAME ,PHONE_NO, VACCINE_DETAILS_VACCINE_ID) VALUES (1,'ABC','XYZ',1234567890,1);
INSERT INTO VACCINATION_CENTERS (ID ,ADDRESS ,CENTER_NAME ,PHONE_NO, VACCINE_DETAILS_VACCINE_ID) VALUES (2,'PQR','LMN',0987654321,2);
INSERT INTO VACCINATION_CENTERS (ID ,ADDRESS ,CENTER_NAME ,PHONE_NO, VACCINE_DETAILS_VACCINE_ID) VALUES (3,'DEF','UVW',0987754321,3);
--------------------------------------------------------------------------------------------------------




